Customer_ID,Actual_Churn,Churn_Probability,Monthly_Charges,CLV_24_Months,Expected_Savings,Intervention_Cost,Expected_Profit,Decision,Decision_Threshold,Correct
18,1,0.968,65.0,1560.0,755.04,13.0,742.04,INTERVENE,INTERVENE,TP
391,1,0.9562,65.0,1560.0,745.836,13.0,732.836,INTERVENE,INTERVENE,TP
161,1,0.9554,65.0,1560.0,745.212,13.0,732.212,INTERVENE,INTERVENE,TP
334,1,0.9511,65.0,1560.0,741.858,13.0,728.858,INTERVENE,INTERVENE,TP
170,1,0.9484,65.0,1560.0,739.7520000000001,13.0,726.7520000000001,INTERVENE,INTERVENE,TP
497,1,0.9459,65.0,1560.0,737.802,13.0,724.802,INTERVENE,INTERVENE,TP
366,0,0.9392,65.0,1560.0,732.576,13.0,719.576,INTERVENE,INTERVENE,FP
602,1,0.9347,65.0,1560.0,729.066,13.0,716.066,INTERVENE,INTERVENE,TP
332,1,0.9329,65.0,1560.0,727.6619999999999,13.0,714.6619999999999,INTERVENE,INTERVENE,TP
37,0,0.9288,65.0,1560.0,724.4639999999999,13.0,711.4639999999999,INTERVENE,INTERVENE,FP
183,1,0.9187,65.0,1560.0,716.586,13.0,703.586,INTERVENE,INTERVENE,TP
152,0,0.9167,65.0,1560.0,715.026,13.0,702.026,INTERVENE,INTERVENE,FP
56,0,0.9154,65.0,1560.0,714.012,13.0,701.012,INTERVENE,INTERVENE,FP
488,1,0.9079,65.0,1560.0,708.162,13.0,695.162,INTERVENE,INTERVENE,TP
223,1,0.8943,65.0,1560.0,697.554,13.0,684.554,INTERVENE,INTERVENE,TP
595,1,0.8926,65.0,1560.0,696.228,13.0,683.228,INTERVENE,INTERVENE,TP
141,0,0.8914,65.0,1560.0,695.292,13.0,682.292,INTERVENE,INTERVENE,FP
109,1,0.8899,65.0,1560.0,694.1220000000001,13.0,681.1220000000001,INTERVENE,INTERVENE,TP
205,0,0.8881,65.0,1560.0,692.718,13.0,679.718,INTERVENE,INTERVENE,FP
92,0,0.8881,65.0,1560.0,692.718,13.0,679.718,INTERVENE,INTERVENE,FP
449,1,0.8854,65.0,1560.0,690.612,13.0,677.612,INTERVENE,INTERVENE,TP
540,0,0.8784,65.0,1560.0,685.1519999999999,13.0,672.1519999999999,INTERVENE,INTERVENE,FP
313,0,0.8702,65.0,1560.0,678.756,13.0,665.756,INTERVENE,INTERVENE,FP
158,0,0.8698,65.0,1560.0,678.444,13.0,665.444,INTERVENE,INTERVENE,FP
458,1,0.8664,65.0,1560.0,675.7919999999999,13.0,662.7919999999999,INTERVENE,INTERVENE,TP
410,1,0.8549,65.0,1560.0,666.822,13.0,653.822,INTERVENE,INTERVENE,TP
165,1,0.8537,65.0,1560.0,665.886,13.0,652.886,INTERVENE,INTERVENE,TP
343,1,0.8433,65.0,1560.0,657.774,13.0,644.774,INTERVENE,INTERVENE,TP
297,1,0.8433,65.0,1560.0,657.774,13.0,644.774,INTERVENE,INTERVENE,TP
541,0,0.8389,65.0,1560.0,654.342,13.0,641.342,INTERVENE,INTERVENE,FP
195,0,0.8337,65.0,1560.0,650.286,13.0,637.286,INTERVENE,INTERVENE,FP
54,1,0.8324,65.0,1560.0,649.272,13.0,636.272,INTERVENE,INTERVENE,TP
560,0,0.8266,65.0,1560.0,644.748,13.0,631.748,INTERVENE,INTERVENE,FP
447,1,0.8227,65.0,1560.0,641.706,13.0,628.706,INTERVENE,INTERVENE,TP
522,1,0.8196,65.0,1560.0,639.288,13.0,626.288,INTERVENE,INTERVENE,TP
157,0,0.8183,65.0,1560.0,638.274,13.0,625.274,INTERVENE,INTERVENE,FP
329,0,0.8178,65.0,1560.0,637.884,13.0,624.884,INTERVENE,INTERVENE,FP
30,1,0.8154,65.0,1560.0,636.0120000000001,13.0,623.0120000000001,INTERVENE,INTERVENE,TP
597,0,0.8107,65.0,1560.0,632.346,13.0,619.346,INTERVENE,INTERVENE,FP
362,0,0.8092,65.0,1560.0,631.176,13.0,618.176,INTERVENE,INTERVENE,FP
444,0,0.8091,65.0,1560.0,631.0980000000001,13.0,618.0980000000001,INTERVENE,INTERVENE,FP
564,1,0.808,65.0,1560.0,630.24,13.0,617.24,INTERVENE,INTERVENE,TP
629,1,0.804,65.0,1560.0,627.12,13.0,614.12,INTERVENE,INTERVENE,TP
575,1,0.7972,65.0,1560.0,621.816,13.0,608.816,INTERVENE,INTERVENE,TP
346,1,0.7858,65.0,1560.0,612.9240000000001,13.0,599.9240000000001,INTERVENE,INTERVENE,TP
452,0,0.7851,65.0,1560.0,612.378,13.0,599.378,INTERVENE,INTERVENE,FP
563,0,0.7805,65.0,1560.0,608.79,13.0,595.79,INTERVENE,INTERVENE,FP
259,0,0.7805,65.0,1560.0,608.79,13.0,595.79,INTERVENE,INTERVENE,FP
519,0,0.7776,65.0,1560.0,606.528,13.0,593.528,INTERVENE,INTERVENE,FP
565,1,0.7776,65.0,1560.0,606.528,13.0,593.528,INTERVENE,INTERVENE,TP
235,0,0.7715,65.0,1560.0,601.77,13.0,588.77,INTERVENE,INTERVENE,FP
42,0,0.7706,65.0,1560.0,601.068,13.0,588.068,INTERVENE,INTERVENE,FP
620,0,0.7679,65.0,1560.0,598.962,13.0,585.962,INTERVENE,INTERVENE,FP
398,1,0.767,65.0,1560.0,598.26,13.0,585.26,INTERVENE,INTERVENE,TP
490,1,0.766,65.0,1560.0,597.48,13.0,584.48,INTERVENE,INTERVENE,TP
156,1,0.764,65.0,1560.0,595.92,13.0,582.92,INTERVENE,INTERVENE,TP
592,0,0.7628,65.0,1560.0,594.984,13.0,581.984,INTERVENE,INTERVENE,FP
139,1,0.7579,65.0,1560.0,591.162,13.0,578.162,INTERVENE,INTERVENE,TP
310,1,0.7579,65.0,1560.0,591.162,13.0,578.162,INTERVENE,INTERVENE,TP
275,1,0.7579,65.0,1560.0,591.162,13.0,578.162,INTERVENE,INTERVENE,TP
511,1,0.7527,65.0,1560.0,587.106,13.0,574.106,INTERVENE,INTERVENE,TP
530,1,0.7517,65.0,1560.0,586.326,13.0,573.326,INTERVENE,INTERVENE,TP
577,1,0.7517,65.0,1560.0,586.326,13.0,573.326,INTERVENE,INTERVENE,TP
198,0,0.7514,65.0,1560.0,586.092,13.0,573.092,INTERVENE,INTERVENE,FP
106,0,0.7489,65.0,1560.0,584.142,13.0,571.142,INTERVENE,INTERVENE,FP
47,1,0.7455,65.0,1560.0,581.49,13.0,568.49,INTERVENE,INTERVENE,TP
140,1,0.7436,65.0,1560.0,580.008,13.0,567.008,INTERVENE,INTERVENE,TP
317,1,0.7412,65.0,1560.0,578.136,13.0,565.136,INTERVENE,INTERVENE,TP
439,0,0.7408,65.0,1560.0,577.824,13.0,564.824,INTERVENE,INTERVENE,FP
378,1,0.737,65.0,1560.0,574.86,13.0,561.86,INTERVENE,INTERVENE,TP
465,1,0.7369,65.0,1560.0,574.782,13.0,561.782,INTERVENE,INTERVENE,TP
264,0,0.7359,65.0,1560.0,574.002,13.0,561.002,INTERVENE,INTERVENE,FP
100,1,0.7358,65.0,1560.0,573.924,13.0,560.924,INTERVENE,INTERVENE,TP
201,0,0.734,65.0,1560.0,572.52,13.0,559.52,INTERVENE,INTERVENE,FP
292,0,0.7339,65.0,1560.0,572.442,13.0,559.442,INTERVENE,INTERVENE,FP
220,1,0.7332,65.0,1560.0,571.896,13.0,558.896,INTERVENE,INTERVENE,TP
608,1,0.7327,65.0,1560.0,571.506,13.0,558.506,INTERVENE,INTERVENE,TP
134,1,0.7312,65.0,1560.0,570.336,13.0,557.336,INTERVENE,INTERVENE,TP
96,0,0.7262,65.0,1560.0,566.4359999999999,13.0,553.4359999999999,INTERVENE,INTERVENE,FP
374,1,0.7262,65.0,1560.0,566.4359999999999,13.0,553.4359999999999,INTERVENE,INTERVENE,TP
443,1,0.7209,65.0,1560.0,562.302,13.0,549.302,INTERVENE,INTERVENE,TP
219,1,0.7209,65.0,1560.0,562.302,13.0,549.302,INTERVENE,INTERVENE,TP
184,1,0.7203,65.0,1560.0,561.8340000000001,13.0,548.8340000000001,INTERVENE,INTERVENE,TP
287,1,0.7203,65.0,1560.0,561.8340000000001,13.0,548.8340000000001,INTERVENE,INTERVENE,TP
412,1,0.7182,65.0,1560.0,560.1959999999999,13.0,547.1959999999999,INTERVENE,INTERVENE,TP
132,1,0.7176,65.0,1560.0,559.7280000000001,13.0,546.7280000000001,INTERVENE,INTERVENE,TP
594,0,0.7158,65.0,1560.0,558.324,13.0,545.324,INTERVENE,INTERVENE,FP
356,0,0.7158,65.0,1560.0,558.324,13.0,545.324,INTERVENE,INTERVENE,FP
549,1,0.7055,65.0,1560.0,550.29,13.0,537.29,INTERVENE,INTERVENE,TP
451,0,0.7046,65.0,1560.0,549.588,13.0,536.588,INTERVENE,INTERVENE,FP
301,0,0.7036,65.0,1560.0,548.808,13.0,535.808,INTERVENE,INTERVENE,FP
38,1,0.699,65.0,1560.0,545.2199999999999,13.0,532.2199999999999,INTERVENE,INTERVENE,TP
284,0,0.692,65.0,1560.0,539.76,13.0,526.76,INTERVENE,INTERVENE,FP
101,1,0.692,65.0,1560.0,539.76,13.0,526.76,INTERVENE,INTERVENE,TP
487,0,0.692,65.0,1560.0,539.76,13.0,526.76,INTERVENE,INTERVENE,FP
66,0,0.6848,65.0,1560.0,534.144,13.0,521.144,INTERVENE,INTERVENE,FP
353,1,0.6833,65.0,1560.0,532.974,13.0,519.974,INTERVENE,INTERVENE,TP
173,1,0.6802,65.0,1560.0,530.556,13.0,517.556,INTERVENE,INTERVENE,TP
215,0,0.68,65.0,1560.0,530.4000000000001,13.0,517.4000000000001,INTERVENE,INTERVENE,FP
308,0,0.6783,65.0,1560.0,529.074,13.0,516.074,INTERVENE,INTERVENE,FP
129,0,0.6778,65.0,1560.0,528.684,13.0,515.684,INTERVENE,INTERVENE,FP
49,0,0.6765,65.0,1560.0,527.67,13.0,514.67,INTERVENE,INTERVENE,FP
536,0,0.6762,65.0,1560.0,527.436,13.0,514.436,INTERVENE,INTERVENE,FP
538,0,0.6762,65.0,1560.0,527.436,13.0,514.436,INTERVENE,INTERVENE,FP
10,0,0.6752,65.0,1560.0,526.6560000000001,13.0,513.6560000000001,INTERVENE,INTERVENE,FP
55,1,0.674,65.0,1560.0,525.72,13.0,512.72,INTERVENE,INTERVENE,TP
181,0,0.6713,65.0,1560.0,523.614,13.0,510.61400000000003,INTERVENE,INTERVENE,FP
466,1,0.671,65.0,1560.0,523.38,13.0,510.38,INTERVENE,INTERVENE,TP
474,1,0.6707,65.0,1560.0,523.146,13.0,510.14599999999996,INTERVENE,INTERVENE,TP
580,1,0.6683,65.0,1560.0,521.274,13.0,508.274,INTERVENE,INTERVENE,TP
528,0,0.6679,65.0,1560.0,520.962,13.0,507.962,INTERVENE,INTERVENE,FP
210,0,0.667,65.0,1560.0,520.26,13.0,507.26,INTERVENE,INTERVENE,FP
102,0,0.6655,65.0,1560.0,519.09,13.0,506.09000000000003,INTERVENE,INTERVENE,FP
388,1,0.6638,65.0,1560.0,517.764,13.0,504.764,INTERVENE,INTERVENE,TP
11,1,0.6592,65.0,1560.0,514.176,13.0,501.17600000000004,INTERVENE,INTERVENE,TP
48,0,0.6577,65.0,1560.0,513.006,13.0,500.006,INTERVENE,INTERVENE,FP
503,0,0.6577,65.0,1560.0,513.006,13.0,500.006,INTERVENE,INTERVENE,FP
472,1,0.6546,65.0,1560.0,510.58799999999997,13.0,497.58799999999997,INTERVENE,INTERVENE,TP
556,0,0.6531,65.0,1560.0,509.418,13.0,496.418,INTERVENE,INTERVENE,FP
601,1,0.6531,65.0,1560.0,509.418,13.0,496.418,INTERVENE,INTERVENE,TP
160,0,0.6495,65.0,1560.0,506.60999999999996,13.0,493.60999999999996,INTERVENE,INTERVENE,FP
613,1,0.6492,65.0,1560.0,506.376,13.0,493.376,INTERVENE,INTERVENE,TP
172,1,0.6472,65.0,1560.0,504.816,13.0,491.816,INTERVENE,INTERVENE,TP
331,0,0.6471,65.0,1560.0,504.738,13.0,491.738,INTERVENE,INTERVENE,FP
185,0,0.6459,65.0,1560.0,503.802,13.0,490.802,INTERVENE,INTERVENE,FP
5,1,0.645,65.0,1560.0,503.1,13.0,490.1,INTERVENE,INTERVENE,TP
97,1,0.6443,65.0,1560.0,502.554,13.0,489.554,INTERVENE,INTERVENE,TP
441,0,0.6438,65.0,1560.0,502.16400000000004,13.0,489.16400000000004,INTERVENE,INTERVENE,FP
202,0,0.6426,65.0,1560.0,501.22799999999995,13.0,488.22799999999995,INTERVENE,INTERVENE,FP
618,0,0.6406,65.0,1560.0,499.66799999999995,13.0,486.66799999999995,INTERVENE,INTERVENE,FP
566,0,0.6384,65.0,1560.0,497.952,13.0,484.952,INTERVENE,INTERVENE,FP
260,1,0.6349,65.0,1560.0,495.22200000000004,13.0,482.22200000000004,INTERVENE,INTERVENE,TP
288,1,0.6346,65.0,1560.0,494.98800000000006,13.0,481.98800000000006,INTERVENE,INTERVENE,TP
127,0,0.6345,65.0,1560.0,494.90999999999997,13.0,481.90999999999997,INTERVENE,INTERVENE,FP
280,1,0.6321,65.0,1560.0,493.038,13.0,480.038,INTERVENE,INTERVENE,TP
52,0,0.6285,65.0,1560.0,490.22999999999996,13.0,477.22999999999996,INTERVENE,INTERVENE,FP
479,1,0.623,65.0,1560.0,485.94,13.0,472.94,INTERVENE,INTERVENE,TP
62,0,0.623,65.0,1560.0,485.94,13.0,472.94,INTERVENE,INTERVENE,FP
464,0,0.623,65.0,1560.0,485.94,13.0,472.94,INTERVENE,INTERVENE,FP
103,1,0.6191,65.0,1560.0,482.89799999999997,13.0,469.89799999999997,INTERVENE,INTERVENE,TP
494,0,0.6183,65.0,1560.0,482.27399999999994,13.0,469.27399999999994,INTERVENE,INTERVENE,FP
203,1,0.6178,65.0,1560.0,481.884,13.0,468.884,INTERVENE,INTERVENE,TP
392,1,0.6149,65.0,1560.0,479.622,13.0,466.622,INTERVENE,INTERVENE,TP
600,0,0.6144,65.0,1560.0,479.23199999999997,13.0,466.23199999999997,INTERVENE,INTERVENE,FP
224,1,0.6124,65.0,1560.0,477.672,13.0,464.672,INTERVENE,INTERVENE,TP
463,0,0.6049,65.0,1560.0,471.822,13.0,458.822,INTERVENE,INTERVENE,FP
274,1,0.6043,65.0,1560.0,471.354,13.0,458.354,INTERVENE,INTERVENE,TP
243,0,0.5975,65.0,1560.0,466.05,13.0,453.05,INTERVENE,INTERVENE,FP
448,1,0.5967,65.0,1560.0,465.426,13.0,452.426,INTERVENE,INTERVENE,TP
113,0,0.5922,65.0,1560.0,461.91599999999994,13.0,448.91599999999994,INTERVENE,INTERVENE,FP
146,1,0.5906,65.0,1560.0,460.668,13.0,447.668,INTERVENE,INTERVENE,TP
266,1,0.5894,65.0,1560.0,459.732,13.0,446.732,INTERVENE,INTERVENE,TP
368,1,0.5858,65.0,1560.0,456.924,13.0,443.924,INTERVENE,INTERVENE,TP
599,0,0.5815,65.0,1560.0,453.57,13.0,440.57,INTERVENE,INTERVENE,FP
9,0,0.573,65.0,1560.0,446.93999999999994,13.0,433.93999999999994,INTERVENE,INTERVENE,FP
433,0,0.5672,65.0,1560.0,442.41600000000005,13.0,429.41600000000005,INTERVENE,INTERVENE,FP
84,0,0.567,65.0,1560.0,442.25999999999993,13.0,429.25999999999993,INTERVENE,INTERVENE,FP
319,0,0.5644,65.0,1560.0,440.232,13.0,427.232,INTERVENE,INTERVENE,FP
583,0,0.5587,65.0,1560.0,435.786,13.0,422.786,INTERVENE,INTERVENE,FP
589,0,0.55,65.0,1560.0,429.00000000000006,13.0,416.00000000000006,INTERVENE,INTERVENE,FP
440,0,0.5443,65.0,1560.0,424.55400000000003,13.0,411.55400000000003,INTERVENE,INTERVENE,FP
607,1,0.5342,65.0,1560.0,416.676,13.0,403.676,INTERVENE,INTERVENE,TP
509,0,0.5278,65.0,1560.0,411.684,13.0,398.684,INTERVENE,INTERVENE,FP
507,0,0.5274,65.0,1560.0,411.37199999999996,13.0,398.37199999999996,INTERVENE,INTERVENE,FP
508,0,0.5253,65.0,1560.0,409.734,13.0,396.734,INTERVENE,INTERVENE,FP
190,0,0.5168,65.0,1560.0,403.10400000000004,13.0,390.10400000000004,INTERVENE,INTERVENE,FP
237,0,0.5071,65.0,1560.0,395.538,13.0,382.538,INTERVENE,INTERVENE,FP
236,0,0.5071,65.0,1560.0,395.538,13.0,382.538,INTERVENE,INTERVENE,FP
95,0,0.4965,65.0,1560.0,387.27,13.0,374.27,INTERVENE,INTERVENE,FP
469,0,0.4887,65.0,1560.0,381.18600000000004,13.0,368.18600000000004,INTERVENE,INTERVENE,FP
61,0,0.4834,65.0,1560.0,377.052,13.0,364.052,INTERVENE,INTERVENE,FP
307,0,0.4809,65.0,1560.0,375.102,13.0,362.102,INTERVENE,INTERVENE,FP
278,0,0.476,65.0,1560.0,371.28,13.0,358.28,INTERVENE,INTERVENE,FP
142,0,0.4733,65.0,1560.0,369.174,13.0,356.174,INTERVENE,INTERVENE,FP
0,0,0.4706,65.0,1560.0,367.06800000000004,13.0,354.06800000000004,INTERVENE,INTERVENE,FP
581,0,0.4667,65.0,1560.0,364.026,13.0,351.026,INTERVENE,INTERVENE,FP
419,0,0.459,65.0,1560.0,358.02000000000004,13.0,345.02000000000004,INTERVENE,INTERVENE,FP
242,0,0.4567,65.0,1560.0,356.226,13.0,343.226,INTERVENE,INTERVENE,FP
499,0,0.4561,65.0,1560.0,355.758,13.0,342.758,INTERVENE,INTERVENE,FP
550,0,0.4485,65.0,1560.0,349.83,13.0,336.83,INTERVENE,INTERVENE,FP
238,0,0.4479,65.0,1560.0,349.362,13.0,336.362,INTERVENE,INTERVENE,FP
406,0,0.4437,65.0,1560.0,346.086,13.0,333.086,INTERVENE,INTERVENE,FP
191,0,0.4419,65.0,1560.0,344.682,13.0,331.682,INTERVENE,INTERVENE,FP
33,1,0.4327,65.0,1560.0,337.506,13.0,324.506,INTERVENE,INTERVENE,TP
605,0,0.4275,65.0,1560.0,333.45,13.0,320.45,INTERVENE,INTERVENE,FP
300,0,0.4253,65.0,1560.0,331.73400000000004,13.0,318.73400000000004,INTERVENE,INTERVENE,FP
46,0,0.4212,65.0,1560.0,328.536,13.0,315.536,INTERVENE,INTERVENE,FP
167,0,0.4154,65.0,1560.0,324.012,13.0,311.012,INTERVENE,INTERVENE,FP
178,0,0.4149,65.0,1560.0,323.622,13.0,310.622,INTERVENE,INTERVENE,FP
544,0,0.4113,65.0,1560.0,320.814,13.0,307.814,INTERVENE,INTERVENE,FP
104,0,0.3965,65.0,1560.0,309.27000000000004,13.0,296.27000000000004,INTERVENE,INTERVENE,FP
222,0,0.3927,65.0,1560.0,306.306,13.0,293.306,INTERVENE,INTERVENE,FP
136,0,0.3894,65.0,1560.0,303.732,13.0,290.732,INTERVENE,INTERVENE,FP
41,0,0.3783,65.0,1560.0,295.074,13.0,282.074,INTERVENE,INTERVENE,FP
587,0,0.3698,65.0,1560.0,288.444,13.0,275.444,INTERVENE,INTERVENE,FP
628,0,0.369,65.0,1560.0,287.82,13.0,274.82,INTERVENE,INTERVENE,FP
493,0,0.3634,65.0,1560.0,283.452,13.0,270.452,INTERVENE,INTERVENE,FP
98,0,0.3551,65.0,1560.0,276.978,13.0,263.978,INTERVENE,INTERVENE,FP
91,0,0.3492,65.0,1560.0,272.37600000000003,13.0,259.37600000000003,INTERVENE,INTERVENE,FP
588,0,0.347,65.0,1560.0,270.65999999999997,13.0,257.65999999999997,INTERVENE,INTERVENE,FP
623,0,0.3457,65.0,1560.0,269.646,13.0,256.646,INTERVENE,INTERVENE,FP
286,0,0.3449,65.0,1560.0,269.022,13.0,256.022,INTERVENE,INTERVENE,FP
358,1,0.3433,65.0,1560.0,267.774,13.0,254.774,INTERVENE,INTERVENE,TP
74,1,0.3366,65.0,1560.0,262.548,13.0,249.548,INTERVENE,INTERVENE,TP
437,0,0.3359,65.0,1560.0,262.002,13.0,249.002,INTERVENE,INTERVENE,FP
486,0,0.3309,65.0,1560.0,258.10200000000003,13.0,245.10200000000003,INTERVENE,INTERVENE,FP
323,0,0.3235,65.0,1560.0,252.33,13.0,239.33,INTERVENE,INTERVENE,FP
108,0,0.3227,65.0,1560.0,251.706,13.0,238.706,INTERVENE,INTERVENE,FP
547,0,0.3199,65.0,1560.0,249.52200000000002,13.0,236.52200000000002,INTERVENE,INTERVENE,FP
261,0,0.3192,65.0,1560.0,248.976,13.0,235.976,INTERVENE,INTERVENE,FP
409,0,0.3182,65.0,1560.0,248.196,13.0,235.196,INTERVENE,INTERVENE,FP
424,0,0.3127,65.0,1560.0,243.90599999999998,13.0,230.90599999999998,INTERVENE,INTERVENE,FP
402,0,0.3109,65.0,1560.0,242.502,13.0,229.502,INTERVENE,INTERVENE,FP
57,0,0.3077,65.0,1560.0,240.00599999999997,13.0,227.00599999999997,INTERVENE,INTERVENE,FP
174,0,0.2986,65.0,1560.0,232.908,13.0,219.908,INTERVENE,INTERVENE,FP
407,0,0.2953,65.0,1560.0,230.334,13.0,217.334,INTERVENE,INTERVENE,FP
526,0,0.2952,65.0,1560.0,230.256,13.0,217.256,INTERVENE,INTERVENE,FP
186,0,0.2945,65.0,1560.0,229.70999999999998,13.0,216.70999999999998,INTERVENE,INTERVENE,FP
76,0,0.2908,65.0,1560.0,226.824,13.0,213.824,INTERVENE,INTERVENE,FP
253,0,0.2896,65.0,1560.0,225.888,13.0,212.888,INTERVENE,INTERVENE,FP
67,0,0.2893,65.0,1560.0,225.654,13.0,212.654,INTERVENE,INTERVENE,FP
551,0,0.2856,65.0,1560.0,222.76800000000003,13.0,209.76800000000003,INTERVENE,INTERVENE,FP
176,0,0.2839,65.0,1560.0,221.44199999999998,13.0,208.44199999999998,INTERVENE,INTERVENE,FP
422,0,0.2836,65.0,1560.0,221.20800000000003,13.0,208.20800000000003,INTERVENE,INTERVENE,FP
596,0,0.281,65.0,1560.0,219.18000000000004,13.0,206.18000000000004,INTERVENE,INTERVENE,FP
32,0,0.2706,65.0,1560.0,211.068,13.0,198.068,INTERVENE,INTERVENE,FP
107,0,0.2704,65.0,1560.0,210.91199999999998,13.0,197.91199999999998,INTERVENE,INTERVENE,FP
86,0,0.2689,65.0,1560.0,209.742,13.0,196.742,INTERVENE,INTERVENE,FP
604,0,0.2659,65.0,1560.0,207.40200000000002,13.0,194.40200000000002,INTERVENE,INTERVENE,FP
20,0,0.2651,65.0,1560.0,206.778,13.0,193.778,INTERVENE,INTERVENE,FP
82,0,0.2615,65.0,1560.0,203.97,13.0,190.97,INTERVENE,INTERVENE,FP
65,0,0.2604,65.0,1560.0,203.11200000000002,13.0,190.11200000000002,INTERVENE,INTERVENE,FP
371,0,0.2551,65.0,1560.0,198.978,13.0,185.978,INTERVENE,INTERVENE,FP
624,0,0.2497,65.0,1560.0,194.766,13.0,181.766,INTERVENE,INTERVENE,FP
2,0,0.2481,65.0,1560.0,193.518,13.0,180.518,INTERVENE,INTERVENE,FP
87,0,0.247,65.0,1560.0,192.66,13.0,179.66,INTERVENE,INTERVENE,FP
282,0,0.247,65.0,1560.0,192.66,13.0,179.66,INTERVENE,INTERVENE,FP
438,0,0.2462,65.0,1560.0,192.036,13.0,179.036,INTERVENE,INTERVENE,FP
585,0,0.2384,65.0,1560.0,185.952,13.0,172.952,INTERVENE,INTERVENE,FP
40,0,0.2321,65.0,1560.0,181.038,13.0,168.038,INTERVENE,INTERVENE,FP
294,0,0.2307,65.0,1560.0,179.946,13.0,166.946,INTERVENE,INTERVENE,FP
231,0,0.2284,65.0,1560.0,178.152,13.0,165.152,INTERVENE,INTERVENE,FP
394,0,0.2278,65.0,1560.0,177.684,13.0,164.684,INTERVENE,INTERVENE,FP
241,0,0.2262,65.0,1560.0,176.436,13.0,163.436,INTERVENE,INTERVENE,FP
324,0,0.2192,65.0,1560.0,170.976,13.0,157.976,INTERVENE,INTERVENE,FP
285,0,0.2177,65.0,1560.0,169.806,13.0,156.806,INTERVENE,INTERVENE,FP
218,0,0.2152,65.0,1560.0,167.856,13.0,154.856,INTERVENE,INTERVENE,FP
473,0,0.2139,65.0,1560.0,166.842,13.0,153.842,INTERVENE,INTERVENE,FP
542,0,0.2113,65.0,1560.0,164.814,13.0,151.814,INTERVENE,INTERVENE,FP
385,0,0.21,65.0,1560.0,163.79999999999998,13.0,150.79999999999998,INTERVENE,INTERVENE,FP
513,0,0.2081,65.0,1560.0,162.318,13.0,149.318,INTERVENE,INTERVENE,FP
58,0,0.2061,65.0,1560.0,160.758,13.0,147.758,INTERVENE,INTERVENE,FP
327,0,0.2059,65.0,1560.0,160.602,13.0,147.602,INTERVENE,INTERVENE,FP
17,0,0.2055,65.0,1560.0,160.29,13.0,147.29,INTERVENE,INTERVENE,FP
277,0,0.2049,65.0,1560.0,159.822,13.0,146.822,INTERVENE,INTERVENE,FP
289,0,0.2042,65.0,1560.0,159.27599999999998,13.0,146.27599999999998,INTERVENE,INTERVENE,FP
413,0,0.2036,65.0,1560.0,158.808,13.0,145.808,INTERVENE,INTERVENE,FP
390,0,0.2035,65.0,1560.0,158.73,13.0,145.73,INTERVENE,INTERVENE,FP
333,0,0.2001,65.0,1560.0,156.078,13.0,143.078,INTERVENE,INTERVENE,FP
393,0,0.1989,65.0,1560.0,155.142,13.0,142.142,INTERVENE,INTERVENE,FP
462,0,0.198,65.0,1560.0,154.44,13.0,141.44,INTERVENE,INTERVENE,FP
239,0,0.1943,65.0,1560.0,151.554,13.0,138.554,INTERVENE,INTERVENE,FP
510,0,0.193,65.0,1560.0,150.54,13.0,137.54,INTERVENE,INTERVENE,FP
163,0,0.1916,65.0,1560.0,149.448,13.0,136.448,INTERVENE,INTERVENE,FP
611,1,0.1876,65.0,1560.0,146.328,13.0,133.328,INTERVENE,INTERVENE,TP
436,1,0.186,65.0,1560.0,145.08,13.0,132.08,INTERVENE,INTERVENE,TP
68,0,0.1833,65.0,1560.0,142.974,13.0,129.974,INTERVENE,INTERVENE,FP
574,1,0.1822,65.0,1560.0,142.116,13.0,129.116,INTERVENE,INTERVENE,TP
51,0,0.1817,65.0,1560.0,141.726,13.0,128.726,INTERVENE,INTERVENE,FP
417,0,0.1797,65.0,1560.0,140.166,13.0,127.166,INTERVENE,INTERVENE,FP
431,0,0.1793,65.0,1560.0,139.85399999999998,13.0,126.85399999999998,INTERVENE,INTERVENE,FP
166,0,0.1788,65.0,1560.0,139.464,13.0,126.464,INTERVENE,INTERVENE,FP
133,0,0.1766,65.0,1560.0,137.74800000000002,13.0,124.74800000000002,INTERVENE,INTERVENE,FP
375,0,0.1757,65.0,1560.0,137.046,13.0,124.04599999999999,INTERVENE,INTERVENE,FP
427,0,0.1736,65.0,1560.0,135.40800000000002,13.0,122.40800000000002,INTERVENE,INTERVENE,FP
64,0,0.1728,65.0,1560.0,134.78400000000002,13.0,121.78400000000002,INTERVENE,INTERVENE,FP
276,0,0.1721,65.0,1560.0,134.238,13.0,121.238,INTERVENE,INTERVENE,FP
456,0,0.1721,65.0,1560.0,134.238,13.0,121.238,INTERVENE,INTERVENE,FP
177,0,0.1719,65.0,1560.0,134.082,13.0,121.082,INTERVENE,INTERVENE,FP
39,0,0.1711,65.0,1560.0,133.458,13.0,120.458,INTERVENE,INTERVENE,FP
345,0,0.1705,65.0,1560.0,132.99,13.0,119.99000000000001,INTERVENE,INTERVENE,FP
110,0,0.1698,65.0,1560.0,132.44400000000002,13.0,119.44400000000002,INTERVENE,INTERVENE,FP
81,0,0.1663,65.0,1560.0,129.714,13.0,116.714,INTERVENE,INTERVENE,FP
555,0,0.1654,65.0,1560.0,129.012,13.0,116.012,INTERVENE,INTERVENE,FP
117,0,0.1629,65.0,1560.0,127.062,13.0,114.062,INTERVENE,INTERVENE,FP
382,0,0.1602,65.0,1560.0,124.956,13.0,111.956,INTERVENE,INTERVENE,FP
306,1,0.1567,65.0,1560.0,122.226,13.0,109.226,INTERVENE,INTERVENE,TP
470,0,0.1566,65.0,1560.0,122.148,13.0,109.148,INTERVENE,INTERVENE,FP
338,0,0.1546,65.0,1560.0,120.588,13.0,107.588,INTERVENE,INTERVENE,FP
123,0,0.1526,65.0,1560.0,119.028,13.0,106.028,INTERVENE,INTERVENE,FP
491,0,0.1513,65.0,1560.0,118.014,13.0,105.014,INTERVENE,INTERVENE,FP
147,0,0.1503,65.0,1560.0,117.234,13.0,104.234,INTERVENE,INTERVENE,FP
302,0,0.1492,65.0,1560.0,116.376,13.0,103.376,INTERVENE,INTERVENE,FP
584,0,0.1461,65.0,1560.0,113.95800000000001,13.0,100.95800000000001,INTERVENE,INTERVENE,FP
403,0,0.1451,65.0,1560.0,113.17800000000001,13.0,100.17800000000001,INTERVENE,INTERVENE,FP
496,0,0.1449,65.0,1560.0,113.022,13.0,100.022,INTERVENE,INTERVENE,FP
19,0,0.144,65.0,1560.0,112.32,13.0,99.32,INTERVENE,INTERVENE,FP
516,0,0.144,65.0,1560.0,112.32,13.0,99.32,INTERVENE,INTERVENE,FP
303,0,0.1425,65.0,1560.0,111.14999999999999,13.0,98.14999999999999,INTERVENE,INTERVENE,FP
311,0,0.1413,65.0,1560.0,110.21400000000001,13.0,97.21400000000001,INTERVENE,INTERVENE,FP
27,0,0.1395,65.0,1560.0,108.81000000000002,13.0,95.81000000000002,INTERVENE,INTERVENE,FP
590,0,0.1395,65.0,1560.0,108.81000000000002,13.0,95.81000000000002,INTERVENE,INTERVENE,FP
78,0,0.1386,65.0,1560.0,108.108,13.0,95.108,INTERVENE,INTERVENE,FP
480,1,0.1368,65.0,1560.0,106.70400000000001,13.0,93.70400000000001,INTERVENE,INTERVENE,TP
272,0,0.1365,65.0,1560.0,106.47000000000001,13.0,93.47000000000001,INTERVENE,INTERVENE,FP
562,0,0.1346,65.0,1560.0,104.988,13.0,91.988,INTERVENE,INTERVENE,FP
609,0,0.1325,65.0,1560.0,103.35000000000001,13.0,90.35000000000001,INTERVENE,INTERVENE,FP
126,0,0.1311,65.0,1560.0,102.258,13.0,89.258,INTERVENE,INTERVENE,FP
348,1,0.131,65.0,1560.0,102.18,13.0,89.18,INTERVENE,INTERVENE,TP
606,1,0.1299,65.0,1560.0,101.32199999999999,13.0,88.32199999999999,INTERVENE,INTERVENE,TP
118,0,0.1299,65.0,1560.0,101.32199999999999,13.0,88.32199999999999,INTERVENE,INTERVENE,FP
188,0,0.1294,65.0,1560.0,100.93199999999999,13.0,87.93199999999999,INTERVENE,INTERVENE,FP
335,0,0.1277,65.0,1560.0,99.60600000000001,13.0,86.60600000000001,INTERVENE,INTERVENE,FP
367,0,0.1267,65.0,1560.0,98.82600000000001,13.0,85.82600000000001,INTERVENE,INTERVENE,FP
546,0,0.1263,65.0,1560.0,98.514,13.0,85.514,INTERVENE,INTERVENE,FP
414,0,0.1254,65.0,1560.0,97.81200000000001,13.0,84.81200000000001,INTERVENE,INTERVENE,FP
533,0,0.1243,65.0,1560.0,96.954,13.0,83.954,INTERVENE,INTERVENE,FP
598,0,0.1234,65.0,1560.0,96.252,13.0,83.252,INTERVENE,INTERVENE,FP
79,0,0.123,65.0,1560.0,95.94,13.0,82.94,INTERVENE,INTERVENE,FP
369,0,0.123,65.0,1560.0,95.94,13.0,82.94,INTERVENE,INTERVENE,FP
395,0,0.1219,65.0,1560.0,95.082,13.0,82.082,INTERVENE,INTERVENE,FP
197,0,0.1218,65.0,1560.0,95.004,13.0,82.004,INTERVENE,INTERVENE,FP
194,0,0.1215,65.0,1560.0,94.77,13.0,81.77,INTERVENE,INTERVENE,FP
135,0,0.1198,65.0,1560.0,93.444,13.0,80.444,INTERVENE,INTERVENE,FP
548,0,0.1191,65.0,1560.0,92.898,13.0,79.898,INTERVENE,INTERVENE,FP
361,0,0.1176,65.0,1560.0,91.728,13.0,78.728,INTERVENE,INTERVENE,FP
189,0,0.1173,65.0,1560.0,91.494,13.0,78.494,INTERVENE,INTERVENE,FP
44,0,0.1171,65.0,1560.0,91.338,13.0,78.338,INTERVENE,INTERVENE,FP
283,0,0.1163,65.0,1560.0,90.714,13.0,77.714,INTERVENE,INTERVENE,FP
263,0,0.1149,65.0,1560.0,89.622,13.0,76.622,INTERVENE,INTERVENE,FP
168,0,0.1141,65.0,1560.0,88.99799999999999,13.0,75.99799999999999,INTERVENE,INTERVENE,FP
114,0,0.1133,65.0,1560.0,88.374,13.0,75.374,INTERVENE,INTERVENE,FP
299,0,0.113,65.0,1560.0,88.14,13.0,75.14,INTERVENE,INTERVENE,FP
234,0,0.1121,65.0,1560.0,87.438,13.0,74.438,INTERVENE,INTERVENE,FP
617,0,0.1078,65.0,1560.0,84.084,13.0,71.084,INTERVENE,INTERVENE,FP
175,1,0.106,65.0,1560.0,82.67999999999999,13.0,69.67999999999999,INTERVENE,INTERVENE,TP
485,1,0.106,65.0,1560.0,82.67999999999999,13.0,69.67999999999999,INTERVENE,INTERVENE,TP
482,0,0.1058,65.0,1560.0,82.524,13.0,69.524,INTERVENE,INTERVENE,FP
22,0,0.1052,65.0,1560.0,82.056,13.0,69.056,INTERVENE,INTERVENE,FP
387,0,0.1051,65.0,1560.0,81.978,13.0,68.978,INTERVENE,INTERVENE,FP
506,0,0.1048,65.0,1560.0,81.744,13.0,68.744,INTERVENE,INTERVENE,FP
316,0,0.1041,65.0,1560.0,81.198,13.0,68.198,INTERVENE,INTERVENE,FP
233,0,0.104,65.0,1560.0,81.11999999999999,13.0,68.11999999999999,INTERVENE,INTERVENE,FP
484,0,0.1038,65.0,1560.0,80.964,13.0,67.964,INTERVENE,INTERVENE,FP
475,0,0.1028,65.0,1560.0,80.184,13.0,67.184,INTERVENE,INTERVENE,FP
229,0,0.1007,65.0,1560.0,78.54599999999999,13.0,65.54599999999999,INTERVENE,INTERVENE,FP
248,0,0.1004,65.0,1560.0,78.312,13.0,65.312,INTERVENE,INTERVENE,FP
199,0,0.1003,65.0,1560.0,78.234,13.0,65.234,INTERVENE,INTERVENE,FP
196,0,0.1001,65.0,1560.0,78.07799999999999,13.0,65.07799999999999,INTERVENE,INTERVENE,FP
255,0,0.0991,65.0,1560.0,77.298,13.0,64.298,INTERVENE,NO ACTION,TN
144,0,0.099,65.0,1560.0,77.22,13.0,64.22,INTERVENE,NO ACTION,TN
305,0,0.0979,65.0,1560.0,76.362,13.0,63.361999999999995,INTERVENE,NO ACTION,TN
291,0,0.0977,65.0,1560.0,76.206,13.0,63.206,INTERVENE,NO ACTION,TN
429,0,0.0954,65.0,1560.0,74.41199999999999,13.0,61.41199999999999,INTERVENE,NO ACTION,TN
612,0,0.0954,65.0,1560.0,74.41199999999999,13.0,61.41199999999999,INTERVENE,NO ACTION,TN
483,0,0.0951,65.0,1560.0,74.178,13.0,61.178,INTERVENE,NO ACTION,TN
89,0,0.0951,65.0,1560.0,74.178,13.0,61.178,INTERVENE,NO ACTION,TN
206,0,0.0934,65.0,1560.0,72.852,13.0,59.852000000000004,INTERVENE,NO ACTION,TN
336,0,0.0927,65.0,1560.0,72.306,13.0,59.306,INTERVENE,NO ACTION,TN
251,0,0.0906,65.0,1560.0,70.668,13.0,57.668000000000006,INTERVENE,NO ACTION,TN
240,0,0.0901,65.0,1560.0,70.278,13.0,57.278000000000006,INTERVENE,NO ACTION,TN
254,1,0.0884,65.0,1560.0,68.952,13.0,55.952,INTERVENE,NO ACTION,FN
523,0,0.0883,65.0,1560.0,68.87400000000001,13.0,55.87400000000001,INTERVENE,NO ACTION,TN
31,0,0.0878,65.0,1560.0,68.48400000000001,13.0,55.48400000000001,INTERVENE,NO ACTION,TN
200,0,0.0871,65.0,1560.0,67.938,13.0,54.938,INTERVENE,NO ACTION,TN
453,0,0.0867,65.0,1560.0,67.626,13.0,54.626000000000005,INTERVENE,NO ACTION,TN
164,1,0.0846,65.0,1560.0,65.988,13.0,52.988,INTERVENE,NO ACTION,FN
88,0,0.0835,65.0,1560.0,65.13000000000001,13.0,52.13000000000001,INTERVENE,NO ACTION,TN
570,0,0.0835,65.0,1560.0,65.13000000000001,13.0,52.13000000000001,INTERVENE,NO ACTION,TN
582,0,0.083,65.0,1560.0,64.74000000000001,13.0,51.74000000000001,INTERVENE,NO ACTION,TN
23,0,0.0829,65.0,1560.0,64.662,13.0,51.662000000000006,INTERVENE,NO ACTION,TN
116,0,0.082,65.0,1560.0,63.96,13.0,50.96,INTERVENE,NO ACTION,TN
192,0,0.0819,65.0,1560.0,63.882,13.0,50.882,INTERVENE,NO ACTION,TN
411,0,0.0814,65.0,1560.0,63.492,13.0,50.492,INTERVENE,NO ACTION,TN
322,0,0.0813,65.0,1560.0,63.413999999999994,13.0,50.413999999999994,INTERVENE,NO ACTION,TN
460,0,0.0789,65.0,1560.0,61.542,13.0,48.542,INTERVENE,NO ACTION,TN
421,0,0.0788,65.0,1560.0,61.464,13.0,48.464,INTERVENE,NO ACTION,TN
360,0,0.0786,65.0,1560.0,61.308,13.0,48.308,INTERVENE,NO ACTION,TN
111,0,0.0786,65.0,1560.0,61.308,13.0,48.308,INTERVENE,NO ACTION,TN
518,0,0.0783,65.0,1560.0,61.074,13.0,48.074,INTERVENE,NO ACTION,TN
442,0,0.0783,65.0,1560.0,61.074,13.0,48.074,INTERVENE,NO ACTION,TN
512,0,0.0765,65.0,1560.0,59.67,13.0,46.67,INTERVENE,NO ACTION,TN
267,0,0.0757,65.0,1560.0,59.046,13.0,46.046,INTERVENE,NO ACTION,TN
125,0,0.0731,65.0,1560.0,57.018,13.0,44.018,INTERVENE,NO ACTION,TN
122,0,0.0731,65.0,1560.0,57.018,13.0,44.018,INTERVENE,NO ACTION,TN
209,0,0.0724,65.0,1560.0,56.472,13.0,43.472,INTERVENE,NO ACTION,TN
6,0,0.0716,65.0,1560.0,55.848,13.0,42.848,INTERVENE,NO ACTION,TN
351,0,0.0713,65.0,1560.0,55.614000000000004,13.0,42.614000000000004,INTERVENE,NO ACTION,TN
415,0,0.0709,65.0,1560.0,55.30200000000001,13.0,42.30200000000001,INTERVENE,NO ACTION,TN
572,0,0.0709,65.0,1560.0,55.30200000000001,13.0,42.30200000000001,INTERVENE,NO ACTION,TN
354,0,0.0707,65.0,1560.0,55.146,13.0,42.146,INTERVENE,NO ACTION,TN
295,0,0.0702,65.0,1560.0,54.756,13.0,41.756,INTERVENE,NO ACTION,TN
625,0,0.07,65.0,1560.0,54.60000000000001,13.0,41.60000000000001,INTERVENE,NO ACTION,TN
14,0,0.0696,65.0,1560.0,54.288,13.0,41.288,INTERVENE,NO ACTION,TN
515,0,0.0692,65.0,1560.0,53.976,13.0,40.976,INTERVENE,NO ACTION,TN
340,0,0.0684,65.0,1560.0,53.352000000000004,13.0,40.352000000000004,INTERVENE,NO ACTION,TN
298,0,0.0659,65.0,1560.0,51.402,13.0,38.402,INTERVENE,NO ACTION,TN
561,0,0.0659,65.0,1560.0,51.402,13.0,38.402,INTERVENE,NO ACTION,TN
273,0,0.0658,65.0,1560.0,51.324,13.0,38.324,INTERVENE,NO ACTION,TN
131,0,0.0653,65.0,1560.0,50.934,13.0,37.934,INTERVENE,NO ACTION,TN
43,0,0.0653,65.0,1560.0,50.934,13.0,37.934,INTERVENE,NO ACTION,TN
610,0,0.0641,65.0,1560.0,49.998000000000005,13.0,36.998000000000005,INTERVENE,NO ACTION,TN
90,0,0.0641,65.0,1560.0,49.998000000000005,13.0,36.998000000000005,INTERVENE,NO ACTION,TN
481,0,0.063,65.0,1560.0,49.14,13.0,36.14,INTERVENE,NO ACTION,TN
8,0,0.0628,65.0,1560.0,48.983999999999995,13.0,35.983999999999995,INTERVENE,NO ACTION,TN
467,0,0.0626,65.0,1560.0,48.828,13.0,35.828,INTERVENE,NO ACTION,TN
121,0,0.0623,65.0,1560.0,48.594,13.0,35.594,INTERVENE,NO ACTION,TN
13,0,0.0621,65.0,1560.0,48.438,13.0,35.438,INTERVENE,NO ACTION,TN
227,0,0.062,65.0,1560.0,48.36,13.0,35.36,INTERVENE,NO ACTION,TN
454,0,0.0611,65.0,1560.0,47.658,13.0,34.658,INTERVENE,NO ACTION,TN
534,0,0.0608,65.0,1560.0,47.424,13.0,34.424,INTERVENE,NO ACTION,TN
21,0,0.0604,65.0,1560.0,47.112,13.0,34.112,INTERVENE,NO ACTION,TN
337,0,0.0603,65.0,1560.0,47.034,13.0,34.034,INTERVENE,NO ACTION,TN
115,0,0.0603,65.0,1560.0,47.034,13.0,34.034,INTERVENE,NO ACTION,TN
207,0,0.0602,65.0,1560.0,46.955999999999996,13.0,33.955999999999996,INTERVENE,NO ACTION,TN
149,1,0.0595,65.0,1560.0,46.41,13.0,33.41,INTERVENE,NO ACTION,FN
521,0,0.0575,65.0,1560.0,44.85,13.0,31.85,INTERVENE,NO ACTION,TN
180,0,0.0572,65.0,1560.0,44.616,13.0,31.616,INTERVENE,NO ACTION,TN
245,0,0.0567,65.0,1560.0,44.226,13.0,31.226,INTERVENE,NO ACTION,TN
137,0,0.0566,65.0,1560.0,44.147999999999996,13.0,31.147999999999996,INTERVENE,NO ACTION,TN
256,0,0.0542,65.0,1560.0,42.275999999999996,13.0,29.275999999999996,INTERVENE,NO ACTION,TN
29,0,0.0536,65.0,1560.0,41.808,13.0,28.808,INTERVENE,NO ACTION,TN
124,0,0.0532,65.0,1560.0,41.495999999999995,13.0,28.495999999999995,INTERVENE,NO ACTION,TN
573,0,0.0524,65.0,1560.0,40.872,13.0,27.872,INTERVENE,NO ACTION,TN
309,0,0.0515,65.0,1560.0,40.169999999999995,13.0,27.169999999999995,INTERVENE,NO ACTION,TN
213,0,0.051,65.0,1560.0,39.779999999999994,13.0,26.779999999999994,INTERVENE,NO ACTION,TN
435,0,0.0508,65.0,1560.0,39.623999999999995,13.0,26.623999999999995,INTERVENE,NO ACTION,TN
293,0,0.0504,65.0,1560.0,39.312,13.0,26.311999999999998,INTERVENE,NO ACTION,TN
150,0,0.0496,65.0,1560.0,38.687999999999995,13.0,25.687999999999995,INTERVENE,NO ACTION,TN
226,0,0.0496,65.0,1560.0,38.687999999999995,13.0,25.687999999999995,INTERVENE,NO ACTION,TN
586,0,0.0463,65.0,1560.0,36.114,13.0,23.113999999999997,INTERVENE,NO ACTION,TN
450,0,0.0447,65.0,1560.0,34.866,13.0,21.866,INTERVENE,NO ACTION,TN
50,0,0.0438,65.0,1560.0,34.164,13.0,21.164,INTERVENE,NO ACTION,TN
525,0,0.0432,65.0,1560.0,33.696000000000005,13.0,20.696000000000005,INTERVENE,NO ACTION,TN
154,0,0.0428,65.0,1560.0,33.384,13.0,20.384,INTERVENE,NO ACTION,TN
377,0,0.0421,65.0,1560.0,32.838,13.0,19.838,INTERVENE,NO ACTION,TN
262,0,0.0398,65.0,1560.0,31.044,13.0,18.044,INTERVENE,NO ACTION,TN
120,0,0.0392,65.0,1560.0,30.576,13.0,17.576,INTERVENE,NO ACTION,TN
246,0,0.0387,65.0,1560.0,30.186,13.0,17.186,INTERVENE,NO ACTION,TN
445,0,0.0382,65.0,1560.0,29.796,13.0,16.796,INTERVENE,NO ACTION,TN
478,0,0.0382,65.0,1560.0,29.796,13.0,16.796,INTERVENE,NO ACTION,TN
616,0,0.037,65.0,1560.0,28.86,13.0,15.86,INTERVENE,NO ACTION,TN
28,0,0.0365,65.0,1560.0,28.47,13.0,15.469999999999999,INTERVENE,NO ACTION,TN
320,0,0.0362,65.0,1560.0,28.236,13.0,15.236,INTERVENE,NO ACTION,TN
492,0,0.0353,65.0,1560.0,27.534,13.0,14.533999999999999,INTERVENE,NO ACTION,TN
270,0,0.0344,65.0,1560.0,26.832,13.0,13.832,INTERVENE,NO ACTION,TN
3,0,0.034,65.0,1560.0,26.520000000000003,13.0,13.520000000000003,INTERVENE,NO ACTION,TN
626,0,0.0333,65.0,1560.0,25.974000000000004,13.0,12.974000000000004,INTERVENE,NO ACTION,TN
500,0,0.0332,65.0,1560.0,25.896,13.0,12.896,INTERVENE,NO ACTION,TN
520,0,0.0327,65.0,1560.0,25.506,13.0,12.506,INTERVENE,NO ACTION,TN
290,0,0.0326,65.0,1560.0,25.427999999999997,13.0,12.427999999999997,INTERVENE,NO ACTION,TN
593,0,0.0322,65.0,1560.0,25.116,13.0,12.116,INTERVENE,NO ACTION,TN
567,0,0.032,65.0,1560.0,24.96,13.0,11.96,INTERVENE,NO ACTION,TN
148,0,0.0315,65.0,1560.0,24.57,13.0,11.57,INTERVENE,NO ACTION,TN
59,0,0.0314,65.0,1560.0,24.491999999999997,13.0,11.491999999999997,INTERVENE,NO ACTION,TN
249,0,0.0314,65.0,1560.0,24.491999999999997,13.0,11.491999999999997,INTERVENE,NO ACTION,TN
468,0,0.0312,65.0,1560.0,24.336,13.0,11.335999999999999,INTERVENE,NO ACTION,TN
211,0,0.0311,65.0,1560.0,24.258,13.0,11.258,INTERVENE,NO ACTION,TN
416,0,0.031,65.0,1560.0,24.18,13.0,11.18,INTERVENE,NO ACTION,TN
426,0,0.0308,65.0,1560.0,24.024,13.0,11.024000000000001,INTERVENE,NO ACTION,TN
162,0,0.0304,65.0,1560.0,23.712,13.0,10.712,INTERVENE,NO ACTION,TN
502,0,0.0302,65.0,1560.0,23.556,13.0,10.556000000000001,INTERVENE,NO ACTION,TN
99,0,0.0301,65.0,1560.0,23.477999999999998,13.0,10.477999999999998,INTERVENE,NO ACTION,TN
461,0,0.0301,65.0,1560.0,23.477999999999998,13.0,10.477999999999998,INTERVENE,NO ACTION,TN
16,0,0.03,65.0,1560.0,23.4,13.0,10.399999999999999,INTERVENE,NO ACTION,TN
576,0,0.0282,65.0,1560.0,21.996,13.0,8.995999999999999,INTERVENE,NO ACTION,TN
386,0,0.0281,65.0,1560.0,21.918,13.0,8.918,INTERVENE,NO ACTION,TN
552,0,0.0277,65.0,1560.0,21.605999999999998,13.0,8.605999999999998,INTERVENE,NO ACTION,TN
365,0,0.0274,65.0,1560.0,21.372,13.0,8.372,INTERVENE,NO ACTION,TN
364,0,0.0274,65.0,1560.0,21.372,13.0,8.372,INTERVENE,NO ACTION,TN
119,0,0.0274,65.0,1560.0,21.372,13.0,8.372,INTERVENE,NO ACTION,TN
258,0,0.0272,65.0,1560.0,21.215999999999998,13.0,8.215999999999998,INTERVENE,NO ACTION,TN
182,0,0.0265,65.0,1560.0,20.669999999999998,13.0,7.669999999999998,INTERVENE,NO ACTION,TN
352,0,0.0263,65.0,1560.0,20.514,13.0,7.513999999999999,INTERVENE,NO ACTION,TN
359,0,0.0263,65.0,1560.0,20.514,13.0,7.513999999999999,INTERVENE,NO ACTION,TN
554,0,0.0263,65.0,1560.0,20.514,13.0,7.513999999999999,INTERVENE,NO ACTION,TN
380,0,0.0253,65.0,1560.0,19.733999999999998,13.0,6.733999999999998,INTERVENE,NO ACTION,TN
568,0,0.0251,65.0,1560.0,19.578,13.0,6.577999999999999,INTERVENE,NO ACTION,TN
471,0,0.0247,65.0,1560.0,19.266,13.0,6.265999999999998,INTERVENE,NO ACTION,TN
397,0,0.0247,65.0,1560.0,19.266,13.0,6.265999999999998,INTERVENE,NO ACTION,TN
155,0,0.0241,65.0,1560.0,18.798,13.0,5.797999999999998,INTERVENE,NO ACTION,TN
169,0,0.024,65.0,1560.0,18.72,13.0,5.719999999999999,INTERVENE,NO ACTION,TN
514,0,0.0236,65.0,1560.0,18.408,13.0,5.408000000000001,INTERVENE,NO ACTION,TN
341,0,0.0236,65.0,1560.0,18.408,13.0,5.408000000000001,INTERVENE,NO ACTION,TN
232,0,0.0236,65.0,1560.0,18.408,13.0,5.408000000000001,INTERVENE,NO ACTION,TN
350,0,0.0233,65.0,1560.0,18.174,13.0,5.1739999999999995,INTERVENE,NO ACTION,TN
622,0,0.0233,65.0,1560.0,18.174,13.0,5.1739999999999995,INTERVENE,NO ACTION,TN
342,0,0.0231,65.0,1560.0,18.018,13.0,5.018000000000001,INTERVENE,NO ACTION,TN
34,0,0.023,65.0,1560.0,17.94,13.0,4.940000000000001,INTERVENE,NO ACTION,TN
217,0,0.0228,65.0,1560.0,17.784,13.0,4.783999999999999,INTERVENE,NO ACTION,TN
531,0,0.0226,65.0,1560.0,17.628,13.0,4.628,INTERVENE,NO ACTION,TN
75,0,0.0224,65.0,1560.0,17.472,13.0,4.472000000000001,INTERVENE,NO ACTION,TN
151,0,0.0222,65.0,1560.0,17.316000000000003,13.0,4.3160000000000025,INTERVENE,NO ACTION,TN
71,0,0.0221,65.0,1560.0,17.238,13.0,4.2379999999999995,INTERVENE,NO ACTION,TN
619,0,0.0217,65.0,1560.0,16.926000000000002,13.0,3.926000000000002,INTERVENE,NO ACTION,TN
35,0,0.0214,65.0,1560.0,16.692,13.0,3.692,INTERVENE,NO ACTION,TN
384,0,0.0211,65.0,1560.0,16.458000000000002,13.0,3.458000000000002,INTERVENE,NO ACTION,TN
36,0,0.0203,65.0,1560.0,15.834,13.0,2.8339999999999996,INTERVENE,NO ACTION,TN
558,0,0.0201,65.0,1560.0,15.677999999999999,13.0,2.677999999999999,INTERVENE,NO ACTION,TN
268,0,0.02,65.0,1560.0,15.6,13.0,2.5999999999999996,INTERVENE,NO ACTION,TN
279,0,0.0193,65.0,1560.0,15.054,13.0,2.0540000000000003,INTERVENE,NO ACTION,TN
357,0,0.0193,65.0,1560.0,15.054,13.0,2.0540000000000003,INTERVENE,NO ACTION,TN
128,0,0.0191,65.0,1560.0,14.898,13.0,1.8979999999999997,INTERVENE,NO ACTION,TN
614,0,0.0188,65.0,1560.0,14.664,13.0,1.6639999999999997,INTERVENE,NO ACTION,TN
420,0,0.0186,65.0,1560.0,14.508,13.0,1.5079999999999991,INTERVENE,NO ACTION,TN
428,0,0.0185,65.0,1560.0,14.43,13.0,1.4299999999999997,INTERVENE,NO ACTION,TN
326,0,0.0178,65.0,1560.0,13.884,13.0,0.8840000000000003,INTERVENE,NO ACTION,TN
15,0,0.0174,65.0,1560.0,13.572,13.0,0.5719999999999992,INTERVENE,NO ACTION,TN
430,0,0.0172,65.0,1560.0,13.416,13.0,0.41600000000000037,INTERVENE,NO ACTION,TN
539,0,0.017,65.0,1560.0,13.260000000000002,13.0,0.26000000000000156,INTERVENE,NO ACTION,TN
228,0,0.0167,65.0,1560.0,13.026,13.0,0.0259999999999998,INTERVENE,NO ACTION,TN
80,0,0.0167,65.0,1560.0,13.026,13.0,0.0259999999999998,INTERVENE,NO ACTION,TN
4,0,0.0167,65.0,1560.0,13.026,13.0,0.0259999999999998,INTERVENE,NO ACTION,TN
434,0,0.0164,65.0,1560.0,12.792000000000002,13.0,-0.2079999999999984,NO ACTION,NO ACTION,TN
26,0,0.0162,65.0,1560.0,12.636,13.0,-0.36400000000000077,NO ACTION,NO ACTION,TN
105,0,0.0161,65.0,1560.0,12.558,13.0,-0.44200000000000017,NO ACTION,NO ACTION,TN
250,0,0.0158,65.0,1560.0,12.324000000000002,13.0,-0.6759999999999984,NO ACTION,NO ACTION,TN
1,0,0.0157,65.0,1560.0,12.245999999999999,13.0,-0.7540000000000013,NO ACTION,NO ACTION,TN
389,0,0.0156,65.0,1560.0,12.168,13.0,-0.8320000000000007,NO ACTION,NO ACTION,TN
400,0,0.0154,65.0,1560.0,12.012,13.0,-0.9879999999999995,NO ACTION,NO ACTION,TN
396,0,0.0154,65.0,1560.0,12.012,13.0,-0.9879999999999995,NO ACTION,NO ACTION,TN
130,0,0.0152,65.0,1560.0,11.856,13.0,-1.1440000000000001,NO ACTION,NO ACTION,TN
373,0,0.0148,65.0,1560.0,11.544,13.0,-1.4559999999999995,NO ACTION,NO ACTION,TN
578,0,0.0147,65.0,1560.0,11.466,13.0,-1.5340000000000007,NO ACTION,NO ACTION,TN
569,0,0.0146,65.0,1560.0,11.388,13.0,-1.612,NO ACTION,NO ACTION,TN
72,0,0.0145,65.0,1560.0,11.31,13.0,-1.6899999999999995,NO ACTION,NO ACTION,TN
347,0,0.0141,65.0,1560.0,10.998,13.0,-2.0020000000000007,NO ACTION,NO ACTION,TN
7,0,0.014,65.0,1560.0,10.92,13.0,-2.08,NO ACTION,NO ACTION,TN
53,0,0.0138,65.0,1560.0,10.764,13.0,-2.2360000000000007,NO ACTION,NO ACTION,TN
247,0,0.0135,65.0,1560.0,10.53,13.0,-2.4700000000000006,NO ACTION,NO ACTION,TN
557,0,0.0129,65.0,1560.0,10.062,13.0,-2.9380000000000006,NO ACTION,NO ACTION,TN
216,0,0.0123,65.0,1560.0,9.594,13.0,-3.4060000000000006,NO ACTION,NO ACTION,TN
321,0,0.0123,65.0,1560.0,9.594,13.0,-3.4060000000000006,NO ACTION,NO ACTION,TN
404,0,0.0118,65.0,1560.0,9.204,13.0,-3.7959999999999994,NO ACTION,NO ACTION,TN
459,0,0.0115,65.0,1560.0,8.97,13.0,-4.029999999999999,NO ACTION,NO ACTION,TN
532,0,0.0114,65.0,1560.0,8.892,13.0,-4.1080000000000005,NO ACTION,NO ACTION,TN
495,0,0.0114,65.0,1560.0,8.892,13.0,-4.1080000000000005,NO ACTION,NO ACTION,TN
399,0,0.0113,65.0,1560.0,8.814,13.0,-4.186,NO ACTION,NO ACTION,TN
315,0,0.0113,65.0,1560.0,8.814,13.0,-4.186,NO ACTION,NO ACTION,TN
543,0,0.0113,65.0,1560.0,8.814,13.0,-4.186,NO ACTION,NO ACTION,TN
214,0,0.0111,65.0,1560.0,8.658000000000001,13.0,-4.341999999999999,NO ACTION,NO ACTION,TN
603,0,0.0109,65.0,1560.0,8.502,13.0,-4.497999999999999,NO ACTION,NO ACTION,TN
296,0,0.0104,65.0,1560.0,8.112,13.0,-4.888,NO ACTION,NO ACTION,TN
138,0,0.0102,65.0,1560.0,7.956,13.0,-5.044,NO ACTION,NO ACTION,TN
376,0,0.0101,65.0,1560.0,7.878,13.0,-5.122,NO ACTION,NO ACTION,TN
257,0,0.0101,65.0,1560.0,7.878,13.0,-5.122,NO ACTION,NO ACTION,TN
408,0,0.0097,65.0,1560.0,7.566,13.0,-5.434,NO ACTION,NO ACTION,TN
524,0,0.0096,65.0,1560.0,7.4879999999999995,13.0,-5.5120000000000005,NO ACTION,NO ACTION,TN
221,0,0.0094,65.0,1560.0,7.332,13.0,-5.668,NO ACTION,NO ACTION,TN
615,0,0.0094,65.0,1560.0,7.332,13.0,-5.668,NO ACTION,NO ACTION,TN
244,0,0.0093,65.0,1560.0,7.254,13.0,-5.746,NO ACTION,NO ACTION,TN
545,0,0.0093,65.0,1560.0,7.254,13.0,-5.746,NO ACTION,NO ACTION,TN
318,0,0.0092,65.0,1560.0,7.176,13.0,-5.824,NO ACTION,NO ACTION,TN
455,0,0.0092,65.0,1560.0,7.176,13.0,-5.824,NO ACTION,NO ACTION,TN
73,0,0.0087,65.0,1560.0,6.786,13.0,-6.214,NO ACTION,NO ACTION,TN
252,0,0.0082,65.0,1560.0,6.396000000000001,13.0,-6.603999999999999,NO ACTION,NO ACTION,TN
401,0,0.0079,65.0,1560.0,6.162000000000001,13.0,-6.837999999999999,NO ACTION,NO ACTION,TN
12,0,0.0078,65.0,1560.0,6.084,13.0,-6.916,NO ACTION,NO ACTION,TN
372,0,0.0078,65.0,1560.0,6.084,13.0,-6.916,NO ACTION,NO ACTION,TN
330,0,0.0075,65.0,1560.0,5.85,13.0,-7.15,NO ACTION,NO ACTION,TN
504,0,0.0073,65.0,1560.0,5.694,13.0,-7.306,NO ACTION,NO ACTION,TN
537,0,0.0069,65.0,1560.0,5.382,13.0,-7.618,NO ACTION,NO ACTION,TN
498,0,0.0069,65.0,1560.0,5.382,13.0,-7.618,NO ACTION,NO ACTION,TN
379,0,0.0068,65.0,1560.0,5.303999999999999,13.0,-7.696000000000001,NO ACTION,NO ACTION,TN
230,0,0.0066,65.0,1560.0,5.148,13.0,-7.852,NO ACTION,NO ACTION,TN
77,0,0.0065,65.0,1560.0,5.069999999999999,13.0,-7.930000000000001,NO ACTION,NO ACTION,TN
69,0,0.0065,65.0,1560.0,5.069999999999999,13.0,-7.930000000000001,NO ACTION,NO ACTION,TN
93,0,0.0065,65.0,1560.0,5.069999999999999,13.0,-7.930000000000001,NO ACTION,NO ACTION,TN
579,0,0.0064,65.0,1560.0,4.992,13.0,-8.008,NO ACTION,NO ACTION,TN
621,0,0.0064,65.0,1560.0,4.992,13.0,-8.008,NO ACTION,NO ACTION,TN
446,0,0.0061,65.0,1560.0,4.758,13.0,-8.242,NO ACTION,NO ACTION,TN
265,0,0.0061,65.0,1560.0,4.758,13.0,-8.242,NO ACTION,NO ACTION,TN
527,0,0.006,65.0,1560.0,4.68,13.0,-8.32,NO ACTION,NO ACTION,TN
145,0,0.0058,65.0,1560.0,4.524,13.0,-8.475999999999999,NO ACTION,NO ACTION,TN
423,0,0.0054,65.0,1560.0,4.212000000000001,13.0,-8.788,NO ACTION,NO ACTION,TN
355,0,0.0051,65.0,1560.0,3.978,13.0,-9.022,NO ACTION,NO ACTION,TN
553,0,0.005,65.0,1560.0,3.9,13.0,-9.1,NO ACTION,NO ACTION,TN
281,0,0.0048,65.0,1560.0,3.7439999999999998,13.0,-9.256,NO ACTION,NO ACTION,TN
529,0,0.0048,65.0,1560.0,3.7439999999999998,13.0,-9.256,NO ACTION,NO ACTION,TN
418,0,0.0048,65.0,1560.0,3.7439999999999998,13.0,-9.256,NO ACTION,NO ACTION,TN
312,0,0.0047,65.0,1560.0,3.666,13.0,-9.334,NO ACTION,NO ACTION,TN
193,0,0.0046,65.0,1560.0,3.588,13.0,-9.411999999999999,NO ACTION,NO ACTION,TN
60,0,0.0043,65.0,1560.0,3.354,13.0,-9.646,NO ACTION,NO ACTION,TN
432,0,0.0043,65.0,1560.0,3.354,13.0,-9.646,NO ACTION,NO ACTION,TN
591,0,0.0043,65.0,1560.0,3.354,13.0,-9.646,NO ACTION,NO ACTION,TN
325,0,0.0042,65.0,1560.0,3.276,13.0,-9.724,NO ACTION,NO ACTION,TN
344,0,0.0042,65.0,1560.0,3.276,13.0,-9.724,NO ACTION,NO ACTION,TN
328,0,0.0041,65.0,1560.0,3.1980000000000004,13.0,-9.802,NO ACTION,NO ACTION,TN
517,0,0.0039,65.0,1560.0,3.042,13.0,-9.958,NO ACTION,NO ACTION,TN
24,0,0.0039,65.0,1560.0,3.042,13.0,-9.958,NO ACTION,NO ACTION,TN
383,0,0.0035,65.0,1560.0,2.73,13.0,-10.27,NO ACTION,NO ACTION,TN
271,0,0.0033,65.0,1560.0,2.574,13.0,-10.426,NO ACTION,NO ACTION,TN
425,0,0.0033,65.0,1560.0,2.574,13.0,-10.426,NO ACTION,NO ACTION,TN
143,0,0.0032,65.0,1560.0,2.496,13.0,-10.504,NO ACTION,NO ACTION,TN
363,0,0.0031,65.0,1560.0,2.4179999999999997,13.0,-10.582,NO ACTION,NO ACTION,TN
212,0,0.0031,65.0,1560.0,2.4179999999999997,13.0,-10.582,NO ACTION,NO ACTION,TN
63,0,0.003,65.0,1560.0,2.34,13.0,-10.66,NO ACTION,NO ACTION,TN
476,0,0.0026,65.0,1560.0,2.028,13.0,-10.972,NO ACTION,NO ACTION,TN
489,0,0.0026,65.0,1560.0,2.028,13.0,-10.972,NO ACTION,NO ACTION,TN
171,0,0.0023,65.0,1560.0,1.794,13.0,-11.206,NO ACTION,NO ACTION,TN
45,0,0.0023,65.0,1560.0,1.794,13.0,-11.206,NO ACTION,NO ACTION,TN
501,0,0.0023,65.0,1560.0,1.794,13.0,-11.206,NO ACTION,NO ACTION,TN
477,0,0.0022,65.0,1560.0,1.7160000000000002,13.0,-11.283999999999999,NO ACTION,NO ACTION,TN
627,0,0.0022,65.0,1560.0,1.7160000000000002,13.0,-11.283999999999999,NO ACTION,NO ACTION,TN
70,0,0.0022,65.0,1560.0,1.7160000000000002,13.0,-11.283999999999999,NO ACTION,NO ACTION,TN
225,0,0.0021,65.0,1560.0,1.638,13.0,-11.362,NO ACTION,NO ACTION,TN
457,0,0.002,65.0,1560.0,1.56,13.0,-11.44,NO ACTION,NO ACTION,TN
370,0,0.002,65.0,1560.0,1.56,13.0,-11.44,NO ACTION,NO ACTION,TN
339,0,0.0018,65.0,1560.0,1.404,13.0,-11.596,NO ACTION,NO ACTION,TN
112,0,0.0018,65.0,1560.0,1.404,13.0,-11.596,NO ACTION,NO ACTION,TN
269,0,0.0017,65.0,1560.0,1.3259999999999998,13.0,-11.674,NO ACTION,NO ACTION,TN
381,0,0.0017,65.0,1560.0,1.3259999999999998,13.0,-11.674,NO ACTION,NO ACTION,TN
304,0,0.0015,65.0,1560.0,1.17,13.0,-11.83,NO ACTION,NO ACTION,TN
505,0,0.0015,65.0,1560.0,1.17,13.0,-11.83,NO ACTION,NO ACTION,TN
94,0,0.0012,65.0,1560.0,0.9359999999999999,13.0,-12.064,NO ACTION,NO ACTION,TN
571,0,0.0011,65.0,1560.0,0.8580000000000001,13.0,-12.142,NO ACTION,NO ACTION,TN
204,0,0.0011,65.0,1560.0,0.8580000000000001,13.0,-12.142,NO ACTION,NO ACTION,TN
179,0,0.0008,65.0,1560.0,0.624,13.0,-12.376,NO ACTION,NO ACTION,TN
349,0,0.0008,65.0,1560.0,0.624,13.0,-12.376,NO ACTION,NO ACTION,TN
83,0,0.0007,65.0,1560.0,0.546,13.0,-12.454,NO ACTION,NO ACTION,TN
187,0,0.0006,65.0,1560.0,0.46799999999999997,13.0,-12.532,NO ACTION,NO ACTION,TN
153,0,0.0006,65.0,1560.0,0.46799999999999997,13.0,-12.532,NO ACTION,NO ACTION,TN
159,0,0.0005,65.0,1560.0,0.39,13.0,-12.61,NO ACTION,NO ACTION,TN
25,0,0.0005,65.0,1560.0,0.39,13.0,-12.61,NO ACTION,NO ACTION,TN
208,0,0.0004,65.0,1560.0,0.312,13.0,-12.688,NO ACTION,NO ACTION,TN
559,0,0.0004,65.0,1560.0,0.312,13.0,-12.688,NO ACTION,NO ACTION,TN
85,0,0.0004,65.0,1560.0,0.312,13.0,-12.688,NO ACTION,NO ACTION,TN
535,0,0.0003,65.0,1560.0,0.23399999999999999,13.0,-12.766,NO ACTION,NO ACTION,TN
405,0,0.0002,65.0,1560.0,0.156,13.0,-12.844,NO ACTION,NO ACTION,TN
314,0,0.0002,65.0,1560.0,0.156,13.0,-12.844,NO ACTION,NO ACTION,TN
